{
  "url": "https://help.moengage.com/hc/en-us/articles/360042358712-Getting-Started",
  "readability": {
    "flesch_kincaid": 65.2,
    "gunning_fog": 11.8,
    "marketer_assessment": "The content is generally clear but could better explain technical terms like 'SDK' for marketers..."
  },
  "structure": "The article flows well but the 'Implementation' section is too dense. Suggest adding subheadings for each platform...",
  "completeness": "Good overall but missing troubleshooting tips. Add example error messages and solutions...",
  "style": "Mostly follows guidelines. Suggest changing passive voice in section 3 to active voice..."
}